City,Consultancy Name,Email Address
Kochi,Gulf International Link,info@gulfinternationallink.com
Kochi,Jerry Varghese,jobseekers@jvi-global.com
Kochi,Asiapower Consultant,recruit@asiapower.co
Kochi,ASMACS,cochin@ashutoshmarine.com
Kochi,York Recruitment,info@yorkrecruitment.com
Kochi,Indo Gulf Recruiters,apply@indogulfrecruiters.com
Kochi,Royal Star Man Power,clientservices@royalstarmanpower.com
Kochi,Tango Jobs,info@tangojobs.co.in
Kochi,TM Consultancy,recruiter@tmconsultancy.in
Kochi,InterManagement Manpower,info@intermanagement.com
Thiruvananthapuram,Career Choice Solution,abhishek.p@careerchoicesolution.com
Thiruvananthapuram,Kariman Enterprises,info@kariman.in
Thiruvananthapuram,Career Home,info@careerhometvm.com
Thiruvananthapuram,Timetronic Management Consultants,sankariunnithan@timetronic.in
Thiruvananthapuram,WINFIL HR Solutions,info@winfilhr.com
Kozhikode,Profyse Consultancy,info@profyse.com
Kozhikode,Zonemac HR Consultancy,info@zonemacsolutions.com
Kozhikode,Connect HR Online,connecthronline@gmail.com
Kozhikode,Zenfident HR Solutions,info@zenfident.in
Kozhikode,Aspire Kerala,aspirekeralaonline@gmail.com
Kozhikode,Career Choice Solution,abhishek.p@careerchoicesolution.com
Thrissur,Success Job Consultant,hrsuccessjobs@gmail.com
Thrissur,Career Choice Solution,abhishek.p@careerchoicesolution.com
Thrissur,JSS Consultancy,jssjobs20@gmail.com
Thrissur,Kerala Job Club,keralajobclub@gmail.com
Thrissur,Santa Maria International,info@santamariainternational.com
Thrissur,Dream Job Consultancy,rajimanoj699@gmail.com
Thrissur,Aspire Kerala (Irinjalakuda),aspirekeralaonline@gmail.com
Kannur,Jobsziya,support@jobsziya.com
Kannur,Sun Jobs (Head Office),sunjobshr@gmail.com
Kannur,Sun Jobs (Branch Office),sunjobshr@gmail.com
Kannur,Brilfox Business Solutions,info@brilfox.com
Kannur,Career Choice Solution,abhishek.p@careerchoicesolution.com
Kannur,JOBZWING HR CONSULTANCY,jobzwing@gmail.com
